observation_date,UNEMPLOY
2016-08-01,7784
2016-09-01,7953
2016-10-01,7811
2016-11-01,7553
2016-12-01,7521
2017-01-01,7468
2017-02-01,7379
2017-03-01,7073
2017-04-01,7089
2017-05-01,7000
2017-06-01,6873
2017-07-01,6892
2017-08-01,7082
2017-09-01,6854
2017-10-01,6700
2017-11-01,6774
2017-12-01,6632
2018-01-01,6489
2018-02-01,6581
2018-03-01,6472
2018-04-01,6459
2018-05-01,6196
2018-06-01,6447
2018-07-01,6195
2018-08-01,6156
2018-09-01,6073
2018-10-01,6211
2018-11-01,6115
2018-12-01,6389
2019-01-01,6475
2019-02-01,6136
2019-03-01,6202
2019-04-01,5961
2019-05-01,5930
2019-06-01,5935
2019-07-01,6061
2019-08-01,5945
2019-09-01,5753
2019-10-01,5871
2019-11-01,5868
2019-12-01,5853
2020-01-01,5869
2020-02-01,5753
2020-03-01,7206
2020-04-01,23084
2020-05-01,20929
2020-06-01,17652
2020-07-01,16352
2020-08-01,13461
2020-09-01,12554
2020-10-01,11072
2020-11-01,10694
2020-12-01,10770
2021-01-01,10260
2021-02-01,10013
2021-03-01,9772
2021-04-01,9754
2021-05-01,9260
2021-06-01,9481
2021-07-01,8731
2021-08-01,8269
2021-09-01,7610
2021-10-01,7267
2021-11-01,6729
2021-12-01,6413
2022-01-01,6533
2022-02-01,6323
2022-03-01,6033
2022-04-01,5995
2022-05-01,5979
2022-06-01,5975
2022-07-01,5770
2022-08-01,5909
2022-09-01,5747
2022-10-01,5949
2022-11-01,5918
2022-12-01,5781
2023-01-01,5770
2023-02-01,5987
2023-03-01,5859
2023-04-01,5747
2023-05-01,6084
2023-06-01,5985
2023-07-01,5923
2023-08-01,6275
2023-09-01,6274
2023-10-01,6463
2023-11-01,6226
2023-12-01,6329
2024-01-01,6175
2024-02-01,6486
2024-03-01,6521
2024-04-01,6486
2024-05-01,6627
2024-06-01,6881
2024-07-01,7098
2024-08-01,7063
2024-09-01,6849
2024-10-01,6951
2024-11-01,7089
2024-12-01,6920
2025-01-01,6865
2025-02-01,7104
2025-03-01,7132
2025-04-01,7155
2025-05-01,7248
2025-06-01,7054
2025-07-01,7272
2025-08-01,7380
2025-09-01,7605
2025-10-01,
2025-11-01,7781
2025-12-01,7503
2026-01-01,7368
2026-02-01,7571
2026-03-01,7239
2026-04-01,7373
2026-05-01,7307
2026-06-01,7094
2026-07-01,6916
2026-08-01,7031
