observation_date,16-24,25-54,55-64
8/1/16,10.2,4.3,3.5
9/1/16,10.4,4.3,3.4
10/1/16,10.6,4.2,3.3
11/1/16,10.3,4,3.3
12/1/16,10,4,3.3
1/1/17,10,4.1,3.8
2/1/17,9.8,4,3.4
3/1/17,9,3.8,3.3
4/1/17,9.3,3.8,2.8
5/1/17,8.7,3.9,2.6
6/1/17,9.1,3.7,2.9
7/1/17,8.9,3.7,3.4
8/1/17,8.9,3.9,3.2
9/1/17,9.1,3.6,3.1
10/1/17,9.2,3.5,2.7
11/1/17,9.8,3.5,3
12/1/17,9.1,3.5,3.1
1/1/18,9.2,3.4,3.2
2/1/18,9,3.4,3.5
3/1/18,8.3,3.4,3.3
4/1/18,8.4,3.4,2.9
5/1/18,8.6,3.2,2.3
6/1/18,8.8,3.3,2.9
7/1/18,8.6,3.1,3.1
8/1/18,8.2,3.2,3
9/1/18,8.4,3.1,2.5
10/1/18,8.5,3.2,2.5
11/1/18,8.3,3.2,2.7
12/1/18,8.9,3.3,2.8
1/1/19,9.3,3.3,3.2
2/1/19,9.1,3.2,2.8
3/1/19,8.6,3.2,2.6
4/1/19,8.3,3.1,2.2
5/1/19,8.5,2.9,2.4
6/1/19,7.9,3,2.8
7/1/19,8.4,3.1,2.9
8/1/19,8.3,3.1,2.6
9/1/19,7.9,3,2.3
10/1/19,7.9,3,2.4
11/1/19,8.1,3,2.4
12/1/19,8.4,3.1,2.2
1/1/20,8.6,3,2.8
2/1/20,7.8,3,2.6
3/1/20,10.1,3.6,3.4
4/1/20,27.5,12.8,12.5
5/1/20,25.1,11.5,10.9
6/1/20,20.4,9.7,9.2
7/1/20,18.3,9.1,8.8
8/1/20,14.7,7.5,7.5
9/1/20,13.5,7.1,6.4
10/1/20,11.8,6.4,5.2
11/1/20,11.6,6.1,5.7
12/1/20,12.6,5.8,5.8
1/1/21,11.4,5.8,5.6
2/1/21,10.8,5.6,5.8
3/1/21,11.1,5.5,4.7
4/1/21,11.1,5.5,4.9
5/1/21,10,5.2,4.4
6/1/21,9.7,5.5,4.6
7/1/21,9.5,4.9,4.4
8/1/21,9.6,4.7,3.8
9/1/21,8.7,4.4,3.4
10/1/21,8.3,4.1,3.1
11/1/21,8.3,3.7,3
12/1/21,8.2,3.5,2.8
1/1/22,8.5,3.5,3.4
2/1/22,8.2,3.3,3.2
3/1/22,8.4,3,2.7
4/1/22,8.2,3.1,2.5
5/1/22,7.8,3.1,2.3
6/1/22,8.1,3.1,2.7
7/1/22,7.8,3,2.4
8/1/22,7.8,3.1,2.6
9/1/22,8.2,2.9,2.2
10/1/22,7.9,3.2,2.2
11/1/22,8.1,3.1,2
12/1/22,8.3,2.9,2.3
1/1/23,8.1,3,2.4
2/1/23,8.1,3,2.9
3/1/23,7.5,3,2.8
4/1/23,6.6,3.1,2.2
5/1/23,7.4,3.2,2.4
6/1/23,7.6,3.1,2.5
7/1/23,8.1,3,2.4
8/1/23,8.6,3.1,2.4
9/1/23,8.4,3.2,2.4
10/1/23,8.8,3.2,2.5
11/1/23,8,3.1,2.7
12/1/23,8,3.3,2.6
1/1/24,7.4,3.3,2.8
2/1/24,8.8,3.3,3
3/1/24,8.8,3.2,2.7
4/1/24,8.2,3.2,2.8
5/1/24,9.3,3.3,2.5
6/1/24,8.9,3.5,2.9
7/1/24,9.1,3.6,2.9
8/1/24,9.7,3.6,3
9/1/24,9.2,3.4,2.7
10/1/24,9.5,3.5,2.7
11/1/24,9.4,3.6,2.8
12/1/24,9,3.5,2.8
1/1/25,9.1,3.4,3.1
2/1/25,9.7,3.5,2.9
3/1/25,9.4,3.5,3
4/1/25,9.6,3.5,2.8
5/1/25,9.7,3.6,2.8
6/1/25,10,3.3,2.9
7/1/25,10,3.6,3
8/1/25,10.6,3.6,2.6
9/1/25,10.4,3.7,3
10/1/25,,,
11/1/25,,,
12/1/25,,,
1/1/26,,,
2/1/26,,,
3/1/26,,,
4/1/26,,,
5/1/26,,,
6/1/26,,,
7/1/26,,,
8/1/26,,,